-- MySQL dump 10.13  Distrib 8.0.25, for Win64 (x86_64)
--
-- Host: 127.0.0.1    Database: foiththsassistant
-- ------------------------------------------------------
-- Server version	8.0.25
DROP SCHEMA IF EXISTS `foiththsassistant`;
CREATE SCHEMA `foiththsassistant`;
USE `foiththsassistant`;

/*!40101 SET @OLD_CHARACTER_SET_CLIENT=@@CHARACTER_SET_CLIENT */;
/*!40101 SET @OLD_CHARACTER_SET_RESULTS=@@CHARACTER_SET_RESULTS */;
/*!40101 SET @OLD_COLLATION_CONNECTION=@@COLLATION_CONNECTION */;
/*!50503 SET NAMES utf8 */;
/*!40103 SET @OLD_TIME_ZONE=@@TIME_ZONE */;
/*!40103 SET TIME_ZONE='+00:00' */;
/*!40014 SET @OLD_UNIQUE_CHECKS=@@UNIQUE_CHECKS, UNIQUE_CHECKS=0 */;
/*!40014 SET @OLD_FOREIGN_KEY_CHECKS=@@FOREIGN_KEY_CHECKS, FOREIGN_KEY_CHECKS=0 */;
/*!40101 SET @OLD_SQL_MODE=@@SQL_MODE, SQL_MODE='NO_AUTO_VALUE_ON_ZERO' */;
/*!40111 SET @OLD_SQL_NOTES=@@SQL_NOTES, SQL_NOTES=0 */;

--
-- Table structure for table `forum`
--

DROP TABLE IF EXISTS `forum`;
/*!40101 SET @saved_cs_client     = @@character_set_client */;
/*!50503 SET character_set_client = utf8mb4 */;
CREATE TABLE `forum` (
  `ID_FORUM` int NOT NULL,
  `ΟΝΟΜΑ` varchar(30) NOT NULL,
  `ΕΙΔΟΣ` enum('Αθλητικό','Μουσικό','Επιστημονικό','Διακόσμηση Χώρου','Lord Of The Rings') NOT NULL,
  `ID_ΦΟΙΤΗΤΗ_ΔΗΜΙΟΥΡΓΟΥ` int unsigned NOT NULL,
  PRIMARY KEY (`ID_FORUM`)
) ENGINE=InnoDB DEFAULT CHARSET=utf8mb3;
/*!40101 SET character_set_client = @saved_cs_client */;

--
-- Dumping data for table `forum`
--

LOCK TABLES `forum` WRITE;
/*!40000 ALTER TABLE `forum` DISABLE KEYS */;
INSERT INTO `forum` VALUES (1234,'ΑΘΛΗΤΕΣ','Αθλητικό',1234),(2345,'ΜΟΥΣΙΚΗ','Μουσικό',2345),(3456,'ΕΠΙΣΤΗΜΟΝΙΚΟ','Επιστημονικό',1234);
/*!40000 ALTER TABLE `forum` ENABLE KEYS */;
UNLOCK TABLES;

--
-- Temporary view structure for view `id_μαθηματων_και_ονοματα_βαθμολογημενων_φοιτητων`
--

DROP TABLE IF EXISTS `id_μαθηματων_και_ονοματα_βαθμολογημενων_φοιτητων`;
/*!50001 DROP VIEW IF EXISTS `id_μαθηματων_και_ονοματα_βαθμολογημενων_φοιτητων`*/;
SET @saved_cs_client     = @@character_set_client;
/*!50503 SET character_set_client = utf8mb4 */;
/*!50001 CREATE VIEW `id_μαθηματων_και_ονοματα_βαθμολογημενων_φοιτητων` AS SELECT 
 1 AS `ΟΝΟΜΑ_ΦΟΙΤΗΤΗ`,
 1 AS `ID_ΜΑΘΗΜΑΤΟΣ`*/;
SET character_set_client = @saved_cs_client;

--
-- Table structure for table `λεσχη_σιτισησ`
--

DROP TABLE IF EXISTS `λεσχη_σιτισησ`;
/*!40101 SET @saved_cs_client     = @@character_set_client */;
/*!50503 SET character_set_client = utf8mb4 */;
CREATE TABLE `λεσχη_σιτισησ` (
  `ΟΝΟΜΑ_ΛΕΣΧΗΣ_ΣΙΤΙΣΗΣ` varchar(30) NOT NULL,
  `ΤΟΠΟΘΕΣΙΑ` varchar(30) NOT NULL,
  `ΩΡΑ_ΠΟΥ_ΑΝΟΙΓΕΙ` time NOT NULL,
  `ΩΡΑ_ΠΟΥ_ΚΛΕΙΝΕΙ` time NOT NULL,
  `ΜΕΝΟΥ` int DEFAULT NULL,
  PRIMARY KEY (`ΟΝΟΜΑ_ΛΕΣΧΗΣ_ΣΙΤΙΣΗΣ`),
  KEY `ΜΕΝΟΥ_idx` (`ΜΕΝΟΥ`)
) ENGINE=InnoDB DEFAULT CHARSET=utf8mb3;
/*!40101 SET character_set_client = @saved_cs_client */;

--
-- Dumping data for table `λεσχη_σιτισησ`
--

LOCK TABLES `λεσχη_σιτισησ` WRITE;
/*!40000 ALTER TABLE `λεσχη_σιτισησ` DISABLE KEYS */;
INSERT INTO `λεσχη_σιτισησ` VALUES ('ΛΕΣΧΗ ΑΠΘ','ΑΠΘ','08:00:00','20:00:00',1234),('ΛΕΣΧΗ ΕΚΠΑ','ΕΚΠΑ','09:00:00','19:00:00',1234),('ΛΕΣΧΗ ΕΜΠ','ΕΜΠ','08:00:00','20:00:00',1234);
/*!40000 ALTER TABLE `λεσχη_σιτισησ` ENABLE KEYS */;
UNLOCK TABLES;
/*!50003 SET @saved_cs_client      = @@character_set_client */ ;
/*!50003 SET @saved_cs_results     = @@character_set_results */ ;
/*!50003 SET @saved_col_connection = @@collation_connection */ ;
/*!50003 SET character_set_client  = utf8mb4 */ ;
/*!50003 SET character_set_results = utf8mb4 */ ;
/*!50003 SET collation_connection  = utf8mb4_0900_ai_ci */ ;
/*!50003 SET @saved_sql_mode       = @@sql_mode */ ;
/*!50003 SET sql_mode              = 'ONLY_FULL_GROUP_BY,STRICT_TRANS_TABLES,NO_ZERO_IN_DATE,NO_ZERO_DATE,ERROR_FOR_DIVISION_BY_ZERO,NO_ENGINE_SUBSTITUTION' */ ;
DELIMITER ;;
/*!50003 CREATE*/ /*!50017 DEFINER=`root`@`localhost`*/ /*!50003 TRIGGER ` ΛΕΣΧΗ ΣΙΤΙΣΗΣ_BEFORE_INSERT` BEFORE INSERT ON `λεσχη_σιτισησ` FOR EACH ROW BEGIN

END */;;
DELIMITER ;
/*!50003 SET sql_mode              = @saved_sql_mode */ ;
/*!50003 SET character_set_client  = @saved_cs_client */ ;
/*!50003 SET character_set_results = @saved_cs_results */ ;
/*!50003 SET collation_connection  = @saved_col_connection */ ;

--
-- Table structure for table `μαθηματα`
--

DROP TABLE IF EXISTS `μαθηματα`;
/*!40101 SET @saved_cs_client     = @@character_set_client */;
/*!50503 SET character_set_client = utf8mb4 */;
CREATE TABLE `μαθηματα` (
  `ID_ΜΑΘΗΜΑΤΑ` int unsigned NOT NULL,
  `ΤΙΤΛΟΣ` varchar(30) NOT NULL,
  `ΠΕΡΙΓΡΑΦΗ` varchar(50) NOT NULL,
  `ΣΧΟΛΗ` varchar(30) NOT NULL,
  `ΔΙΔΑΣΚΩΝ` varchar(30) NOT NULL,
  PRIMARY KEY (`ID_ΜΑΘΗΜΑΤΑ`),
  KEY `ΣΧΟΛΗ_idx` (`ΣΧΟΛΗ`),
  CONSTRAINT `ΣΧΟΛΗ` FOREIGN KEY (`ΣΧΟΛΗ`) REFERENCES `σχολη` (`ΟΝΟΜΑ_ΣΧΟΛΗΣ`)
) ENGINE=InnoDB DEFAULT CHARSET=utf8mb3;
/*!40101 SET character_set_client = @saved_cs_client */;

--
-- Dumping data for table `μαθηματα`
--

LOCK TABLES `μαθηματα` WRITE;
/*!40000 ALTER TABLE `μαθηματα` DISABLE KEYS */;
INSERT INTO `μαθηματα` VALUES (1234,'ΒΑΣΕΙΣ ΔΕΔΟΜΕΝΩΝ','Ανάλυση των βάσεων δεδομένων και της δομής τους','ΗΜΜΥ','Διαμαντόπουλος Θεμιστοκλής'),(2345,'ΑΝΑΓΝΩΡΙΣΗ ΠΡΟΤΥΠΩΝ','Ανάπτυξη μοντέλων για ταξινόμηση προτύπων','ΗΜΜΥ','Πετραντωνάκης  Παναγιώτης'),(3456,'ΕΙΚΟΝΟΜΕΤΡΙΑ','Ανάλυση αποφάσεων χρηματοοικονομικής φύσης','ΟΙΚΟΝΟΜΙΚΟ','Πάνος Γεώργιος '),(4567,'ΕΦΑΡΜΟΣΜΕΝΑ ΜΑΘΗΜΑΤΙΚΑ','Εισαγωγή στην μιγαδική ανάλυση','ΑΡΧΙΤΕΚΤΟΝΙΚΗ','Αναστασιάδης Άνθιμος'),(5678,'ΤΟΠΟΓΡΑΦΙΑ 1','Ανάλυση βασικών εννοιών τοπογραφίας','ΤΟΠΟΓΡΑΦΙΑ','Γιώργος Παπαδόπουλος'),(6789,'ΑΝΤΙΚΕΙΜΕΝΟΣΤΡΕΦΗΣ','Εκμάθιση C++','ΗΜΜΥ','Διαμαντόπουλος Θεμιστοκλής');
/*!40000 ALTER TABLE `μαθηματα` ENABLE KEYS */;
UNLOCK TABLES;

--
-- Table structure for table `μενου`
--

DROP TABLE IF EXISTS `μενου`;
/*!40101 SET @saved_cs_client     = @@character_set_client */;
/*!50503 SET character_set_client = utf8mb4 */;
CREATE TABLE `μενου` (
  `ID_ΜΕΝΟΥ` int unsigned NOT NULL,
  `ΦΑΓΗΤΟ` varchar(60) NOT NULL,
  `ΜΕΡΑ` enum('Δευτέρα','Τρίτη','Τετάρτη','Πέμπτη','Παρασκευή','Σάββατο','Κυριακή') NOT NULL,
  PRIMARY KEY (`ID_ΜΕΝΟΥ`)
) ENGINE=InnoDB DEFAULT CHARSET=utf8mb3;
/*!40101 SET character_set_client = @saved_cs_client */;

--
-- Dumping data for table `μενου`
--

LOCK TABLES `μενου` WRITE;
/*!40000 ALTER TABLE `μενου` DISABLE KEYS */;
INSERT INTO `μενου` VALUES (1233,'ΜΑΚΑΡΟΝΙΑ ΜΕ ΚΥΜΑ','Δευτέρα'),(2345,'ΚΟΚΚΙΝΙΣΤΟ','Τρίτη'),(3456,'ΜΟΥΣΑΚΑΣ','Τετάρτη'),(4567,'ΠΑΣΤΙΤΣΙΟ','Πέμπτη'),(5678,'ΓΕΜΙΣΤΑ','Παρασκευή'),(6789,'ΠΙΤΣΑ','Σάββατο'),(7890,'ΚΟΤΟΠΟΥΛΟ','Κυριακή');
/*!40000 ALTER TABLE `μενου` ENABLE KEYS */;
UNLOCK TABLES;

--
-- Temporary view structure for view `ονομα_σχολησ_λεσχη_σιτισησ`
--

DROP TABLE IF EXISTS `ονομα_σχολησ_λεσχη_σιτισησ`;
/*!50001 DROP VIEW IF EXISTS `ονομα_σχολησ_λεσχη_σιτισησ`*/;
SET @saved_cs_client     = @@character_set_client;
/*!50503 SET character_set_client = utf8mb4 */;
/*!50001 CREATE VIEW `ονομα_σχολησ_λεσχη_σιτισησ` AS SELECT 
 1 AS `ΟΝΟΜΑ_ΣΧΟΛΗΣ`,
 1 AS `ΛΕΣΧΗ_ΣΙΤΙΣΗΣ`*/;
SET character_set_client = @saved_cs_client;

--
-- Temporary view structure for view `ονομα_τοποθεσια_ημερομηνια_φοιτητικων_event`
--

DROP TABLE IF EXISTS `ονομα_τοποθεσια_ημερομηνια_φοιτητικων_event`;
/*!50001 DROP VIEW IF EXISTS `ονομα_τοποθεσια_ημερομηνια_φοιτητικων_event`*/;
SET @saved_cs_client     = @@character_set_client;
/*!50503 SET character_set_client = utf8mb4 */;
/*!50001 CREATE VIEW `ονομα_τοποθεσια_ημερομηνια_φοιτητικων_event` AS SELECT 
 1 AS `ΟΝΟΜΑ_ΦΟΙΤΗΤΙΚΟΥ_EVENT`,
 1 AS `ΤΟΠΟΘΕΣΙΑ`,
 1 AS `ΗΜΕΡΟΜΗΝΙΑ`*/;
SET character_set_client = @saved_cs_client;

--
-- Temporary view structure for view `ονοματα_αεμ_φοιτητων`
--

DROP TABLE IF EXISTS `ονοματα_αεμ_φοιτητων`;
/*!50001 DROP VIEW IF EXISTS `ονοματα_αεμ_φοιτητων`*/;
SET @saved_cs_client     = @@character_set_client;
/*!50503 SET character_set_client = utf8mb4 */;
/*!50001 CREATE VIEW `ονοματα_αεμ_φοιτητων` AS SELECT 
 1 AS `ΟΝΟΜΑ`,
 1 AS `ΑΕΜ`*/;
SET character_set_client = @saved_cs_client;

--
-- Table structure for table `σχολη`
--

DROP TABLE IF EXISTS `σχολη`;
/*!40101 SET @saved_cs_client     = @@character_set_client */;
/*!50503 SET character_set_client = utf8mb4 */;
CREATE TABLE `σχολη` (
  `ΟΝΟΜΑ_ΣΧΟΛΗΣ` varchar(30) NOT NULL,
  `ΤΟΠΟΘΕΣΙΑ` varchar(30) NOT NULL,
  `ΛΕΣΧΗ_ΣΙΤΙΣΗΣ` varchar(30) NOT NULL,
  PRIMARY KEY (`ΟΝΟΜΑ_ΣΧΟΛΗΣ`),
  KEY `ΛΕΣΧΗ ΣΙΤΙΣΗΣ_idx` (`ΛΕΣΧΗ_ΣΙΤΙΣΗΣ`),
  CONSTRAINT `ΛΕΣΧΗ ΣΙΤΙΣΗΣ` FOREIGN KEY (`ΛΕΣΧΗ_ΣΙΤΙΣΗΣ`) REFERENCES `λεσχη_σιτισησ` (`ΟΝΟΜΑ_ΛΕΣΧΗΣ_ΣΙΤΙΣΗΣ`)
) ENGINE=InnoDB DEFAULT CHARSET=utf8mb3;
/*!40101 SET character_set_client = @saved_cs_client */;

--
-- Dumping data for table `σχολη`
--

LOCK TABLES `σχολη` WRITE;
/*!40000 ALTER TABLE `σχολη` DISABLE KEYS */;
INSERT INTO `σχολη` VALUES ('ΑΡΧΙΤΕΚΤΟΝΙΚΗ','ΑΠΘ','ΛΕΣΧΗ ΑΠΘ'),('ΗΜΜΥ','ΑΠΘ','ΛΕΣΧΗ ΑΠΘ'),('ΟΙΚΟΝΟΜΙΚΟ','ΕΚΠΑ','ΛΕΣΧΗ ΕΚΠΑ'),('ΤΟΠΟΓΡΑΦΙΑ','ΕΜΠ','ΛΕΣΧΗ ΕΜΠ');
/*!40000 ALTER TABLE `σχολη` ENABLE KEYS */;
UNLOCK TABLES;

--
-- Table structure for table `φοιτητησ`
--

DROP TABLE IF EXISTS `φοιτητησ`;
/*!40101 SET @saved_cs_client     = @@character_set_client */;
/*!50503 SET character_set_client = utf8mb4 */;
CREATE TABLE `φοιτητησ` (
  `ID_ΦΟΙΤΗΤΗ` int unsigned NOT NULL,
  `ΟΝΟΜΑ` varchar(30) NOT NULL,
  `ΗΜΕΡΟΜΗΝΙΑ_ΓΕΝΝΗΣΗΣ` date NOT NULL,
  `ΕΤΟΣ_ΦΟΙΤΗΣΗΣ` varchar(5) NOT NULL,
  `ΑΕΜ` char(5) NOT NULL,
  `ΣΧΟΛΗ` varchar(30) NOT NULL,
  `ΛΕΣΧΗ_ΣΙΤΙΣΗΣ` varchar(30) NOT NULL,
  PRIMARY KEY (`ID_ΦΟΙΤΗΤΗ`)
) ENGINE=InnoDB DEFAULT CHARSET=utf8mb3;
/*!40101 SET character_set_client = @saved_cs_client */;

--
-- Dumping data for table `φοιτητησ`
--

LOCK TABLES `φοιτητησ` WRITE;
/*!40000 ALTER TABLE `φοιτητησ` DISABLE KEYS */;
INSERT INTO `φοιτητησ` VALUES (1234,'ΑΝΔΡΙΑΝΑΚΗΣ ΑΛΕΞΑΝΔΡΟΣ','2002-03-05','3ο','12345','ΗΜΜΥ','ΛΕΣΧΗ ΑΠΘ'),(2345,'ΜΟΥΡΤΖΑΚΗΣ ΜΙΧΑΗΛ','2000-12-03','5ο','23456','ΗΜΜΥ','ΛΕΣΧΗ ΑΠΘ'),(3456,'ΜΠΑΜΠΗΣ ΠΑΠΑΣ','2001-04-03','4ο','34567','ΟΙΚΟΝΟΜΙΚΟ','ΛΕΣΧΗ ΕΚΠΑ'),(4567,'ΧΡΗΣΤΟΣ ΧΡΗΣΤΟΥ','2003-01-04','2ο','45678','ΤΟΠΟΓΡΑΦΙΑ','ΛΕΣΧΗ ΕΜΠ'),(5678,'ΓΙΑΝΝΗΣ ΚΕΦΑΛΑΚΗΣ','2002-01-03','3ο','12345','ΑΡΧΙΤΕΚΤΟΝΙΚΗ','ΛΕΣΧΗ ΑΠΘ');
/*!40000 ALTER TABLE `φοιτητησ` ENABLE KEYS */;
UNLOCK TABLES;

--
-- Table structure for table `φοιτητησ_βαθμολογειται_σε_μαθηματα`
--

DROP TABLE IF EXISTS `φοιτητησ_βαθμολογειται_σε_μαθηματα`;
/*!40101 SET @saved_cs_client     = @@character_set_client */;
/*!50503 SET character_set_client = utf8mb4 */;
CREATE TABLE `φοιτητησ_βαθμολογειται_σε_μαθηματα` (
  `ID_ΜΑΘΗΜΑΤΟΣ` int unsigned NOT NULL,
  `ID_ΦΟΙΤΗΤΗ` int unsigned NOT NULL,
  `ΒΑΘΜΟΣ` int unsigned NOT NULL,
  PRIMARY KEY (`ID_ΜΑΘΗΜΑΤΟΣ`,`ID_ΦΟΙΤΗΤΗ`),
  KEY `ID_ΦΟΙΤΗΤΗ_idx` (`ID_ΦΟΙΤΗΤΗ`),
  CONSTRAINT `ID_ΜΑΘΗΜΑΤΟΣ` FOREIGN KEY (`ID_ΜΑΘΗΜΑΤΟΣ`) REFERENCES `μαθηματα` (`ID_ΜΑΘΗΜΑΤΑ`),
  CONSTRAINT `ID_ΦΟΙΤΗΤΗ` FOREIGN KEY (`ID_ΦΟΙΤΗΤΗ`) REFERENCES `φοιτητησ` (`ID_ΦΟΙΤΗΤΗ`)
) ENGINE=InnoDB DEFAULT CHARSET=utf8mb3;
/*!40101 SET character_set_client = @saved_cs_client */;

--
-- Dumping data for table `φοιτητησ_βαθμολογειται_σε_μαθηματα`
--

LOCK TABLES `φοιτητησ_βαθμολογειται_σε_μαθηματα` WRITE;
/*!40000 ALTER TABLE `φοιτητησ_βαθμολογειται_σε_μαθηματα` DISABLE KEYS */;
INSERT INTO `φοιτητησ_βαθμολογειται_σε_μαθηματα` VALUES (1234,1234,8),(1234,2345,8),(2345,1234,9),(2345,2345,9),(3456,3456,10),(4567,5678,6),(5678,4567,6),(6789,1234,7),(6789,2345,8);
/*!40000 ALTER TABLE `φοιτητησ_βαθμολογειται_σε_μαθηματα` ENABLE KEYS */;
UNLOCK TABLES;

--
-- Table structure for table `φοιτητησ_συμμετεχει_σε_forum`
--

DROP TABLE IF EXISTS `φοιτητησ_συμμετεχει_σε_forum`;
/*!40101 SET @saved_cs_client     = @@character_set_client */;
/*!50503 SET character_set_client = utf8mb4 */;
CREATE TABLE `φοιτητησ_συμμετεχει_σε_forum` (
  `ID_ΦΟΙΤΗΤΗ` int unsigned NOT NULL,
  `ID_FORUM` int unsigned NOT NULL,
  `ΗΜΕΡΟΜΗΝΙΑ ΣΥΜΜΕΤΟΧΗΣ` date NOT NULL,
  PRIMARY KEY (`ID_ΦΟΙΤΗΤΗ`,`ID_FORUM`)
) ENGINE=InnoDB DEFAULT CHARSET=utf8mb3;
/*!40101 SET character_set_client = @saved_cs_client */;

--
-- Dumping data for table `φοιτητησ_συμμετεχει_σε_forum`
--

LOCK TABLES `φοιτητησ_συμμετεχει_σε_forum` WRITE;
/*!40000 ALTER TABLE `φοιτητησ_συμμετεχει_σε_forum` DISABLE KEYS */;
INSERT INTO `φοιτητησ_συμμετεχει_σε_forum` VALUES (1234,1234,'2023-03-03'),(1234,3456,'2022-01-05'),(2345,2345,'2023-02-04'),(3456,1234,'2023-04-05'),(4567,1234,'2023-05-06');
/*!40000 ALTER TABLE `φοιτητησ_συμμετεχει_σε_forum` ENABLE KEYS */;
UNLOCK TABLES;

--
-- Table structure for table `φοιτητησ_συμμετεχει_σε_φοιτητικη_ομαδα`
--

DROP TABLE IF EXISTS `φοιτητησ_συμμετεχει_σε_φοιτητικη_ομαδα`;
/*!40101 SET @saved_cs_client     = @@character_set_client */;
/*!50503 SET character_set_client = utf8mb4 */;
CREATE TABLE `φοιτητησ_συμμετεχει_σε_φοιτητικη_ομαδα` (
  `ID_ΦΟΙΤΗΤΗ` int unsigned NOT NULL,
  `ΟΝΟΜΑ_ΦΟΙΤΗΤΙΚΗΣ ΟΜΑΔΑΣ` varchar(30) NOT NULL,
  `ΗΜΕΡΟΜΗΝΙΑ_ΣΥΜΜΕΤΟΧΗΣ` date NOT NULL,
  PRIMARY KEY (`ID_ΦΟΙΤΗΤΗ`,`ΟΝΟΜΑ_ΦΟΙΤΗΤΙΚΗΣ ΟΜΑΔΑΣ`)
) ENGINE=InnoDB DEFAULT CHARSET=utf8mb3;
/*!40101 SET character_set_client = @saved_cs_client */;

--
-- Dumping data for table `φοιτητησ_συμμετεχει_σε_φοιτητικη_ομαδα`
--

LOCK TABLES `φοιτητησ_συμμετεχει_σε_φοιτητικη_ομαδα` WRITE;
/*!40000 ALTER TABLE `φοιτητησ_συμμετεχει_σε_φοιτητικη_ομαδα` DISABLE KEYS */;
INSERT INTO `φοιτητησ_συμμετεχει_σε_φοιτητικη_ομαδα` VALUES (1234,'Θεατρική Ομάδα ΗΜΜΥ','2023-02-02'),(2345,'Θεατρική Ομάδα ΗΜΜΥ','2023-06-08'),(3456,'Χορευτική Ομάδα ΟΙΚΟΝΟΜΙΚΟΥ','2022-02-03'),(5678,'Μουσική Ομάδα ΑΡΧΙΤΕΚΤΟΝΙΚΗΣ','2023-03-05');
/*!40000 ALTER TABLE `φοιτητησ_συμμετεχει_σε_φοιτητικη_ομαδα` ENABLE KEYS */;
UNLOCK TABLES;

--
-- Table structure for table `φοιτητησ_συμμετεχει_σε_φοιτητικο_event`
--

DROP TABLE IF EXISTS `φοιτητησ_συμμετεχει_σε_φοιτητικο_event`;
/*!40101 SET @saved_cs_client     = @@character_set_client */;
/*!50503 SET character_set_client = utf8mb4 */;
CREATE TABLE `φοιτητησ_συμμετεχει_σε_φοιτητικο_event` (
  `ID_ΦΟΙΤΗΤΗ` int unsigned NOT NULL,
  `ΟΝΟΜΑ_ΦΟΙΤΗΤΙΚΟΥ EVENT` varchar(30) NOT NULL,
  PRIMARY KEY (`ID_ΦΟΙΤΗΤΗ`,`ΟΝΟΜΑ_ΦΟΙΤΗΤΙΚΟΥ EVENT`)
) ENGINE=InnoDB DEFAULT CHARSET=utf8mb3;
/*!40101 SET character_set_client = @saved_cs_client */;

--
-- Dumping data for table `φοιτητησ_συμμετεχει_σε_φοιτητικο_event`
--

LOCK TABLES `φοιτητησ_συμμετεχει_σε_φοιτητικο_event` WRITE;
/*!40000 ALTER TABLE `φοιτητησ_συμμετεχει_σε_φοιτητικο_event` DISABLE KEYS */;
INSERT INTO `φοιτητησ_συμμετεχει_σε_φοιτητικο_event` VALUES (1234,'Summer Party'),(1234,'Αραλίκι'),(2345,'Θεατρική Παράσταση'),(2345,'Προβολή Ταινίας'),(3456,'Summer Party'),(3456,'Θεατρική Παράσταση'),(5678,'Προβολή Ταινίας');
/*!40000 ALTER TABLE `φοιτητησ_συμμετεχει_σε_φοιτητικο_event` ENABLE KEYS */;
UNLOCK TABLES;

--
-- Table structure for table `φοιτητικη_ομαδα`
--

DROP TABLE IF EXISTS `φοιτητικη_ομαδα`;
/*!40101 SET @saved_cs_client     = @@character_set_client */;
/*!50503 SET character_set_client = utf8mb4 */;
CREATE TABLE `φοιτητικη_ομαδα` (
  `OΝΟΜΑ_ΦΟΙΤΗΤΗΙΚΗΣ_ΟΜΑΔΑΣ` varchar(30) NOT NULL,
  `ID_ΦΟΙΤΗΤΗ_ΔΗΜΙΟΥΡΓΟΥ` int unsigned NOT NULL,
  `ΠΕΡΙΓΡΑΦΗ` varchar(60) NOT NULL,
  PRIMARY KEY (`OΝΟΜΑ_ΦΟΙΤΗΤΗΙΚΗΣ_ΟΜΑΔΑΣ`),
  KEY `ID ΦΟΙΤΗΤΗ ΔΗΜΙΟΥΡΓΟΥ_idx` (`ID_ΦΟΙΤΗΤΗ_ΔΗΜΙΟΥΡΓΟΥ`)
) ENGINE=InnoDB DEFAULT CHARSET=utf8mb3;
/*!40101 SET character_set_client = @saved_cs_client */;

--
-- Dumping data for table `φοιτητικη_ομαδα`
--

LOCK TABLES `φοιτητικη_ομαδα` WRITE;
/*!40000 ALTER TABLE `φοιτητικη_ομαδα` DISABLE KEYS */;
INSERT INTO `φοιτητικη_ομαδα` VALUES ('Θεατρική Ομάδα ΗΜΜΥ',1234,'Θεατρικό παιχνίδι'),('Μουσική Ομάδα ΑΡΧΙΤΕΚΤΟΝΙΚΗΣ',5678,'Μελέτη παρτιτούρας'),('Χορευτική Ομάδα ΟΙΚΟΝΟΜΙΚΟΥ',3456,'Εκμάθηση παραδοσιακών χορών και τζαζ');
/*!40000 ALTER TABLE `φοιτητικη_ομαδα` ENABLE KEYS */;
UNLOCK TABLES;

--
-- Table structure for table `φοιτητικο_event`
--

DROP TABLE IF EXISTS `φοιτητικο_event`;
/*!40101 SET @saved_cs_client     = @@character_set_client */;
/*!50503 SET character_set_client = utf8mb4 */;
CREATE TABLE `φοιτητικο_event` (
  `ΟΝΟΜΑ_ΦΟΙΤΗΤΙΚΟΥ_EVENT` varchar(30) NOT NULL,
  `ΠΕΡΙΓΡΑΦΗ` varchar(60) NOT NULL,
  `ΤΟΠΟΘΕΣΙΑ` varchar(30) NOT NULL,
  `ΗΜΕΡΟΜΗΝΙΑ` datetime NOT NULL,
  `ΟΝΟΜΑ_ΦΟΙΤΗΤΙΚΗΣ_ΟΜΑΔΑΣ_ΔΗΜΙΟΥΡΓΟΥ` varchar(30) NOT NULL,
  PRIMARY KEY (`ΟΝΟΜΑ_ΦΟΙΤΗΤΙΚΟΥ_EVENT`)
) ENGINE=InnoDB DEFAULT CHARSET=utf8mb3;
/*!40101 SET character_set_client = @saved_cs_client */;

--
-- Dumping data for table `φοιτητικο_event`
--

LOCK TABLES `φοιτητικο_event` WRITE;
/*!40000 ALTER TABLE `φοιτητικο_event` DISABLE KEYS */;
INSERT INTO `φοιτητικο_event` VALUES ('Summer Party','Πάρτυ σε πισίνα','ΑΠΘ','2005-03-20 19:22:00','Θεατρική Ομάδα ΗΜΜΥ'),('Αραλίκι','Άραγμα','Αίθριο Πολυτεχνείου ΑΠΘ','2023-10-21 14:00:00','Μουσική Ομάδα ΑΡΧΙΤΕΚΤΟΝΙΚΗΣ'),('Θεατρική Παράσταση','Παρουσίαση του «οΓλάρος» ','ΔΕΘ','2021-04-12 17:00:00','Θεατρική Ομάδα ΗΜΜΥ'),('Προβολή Ταινίας','Προβολή της ταινίας “Dogville”','Β’ Εστίες ΑΠΘ','2010-12-19 15:30:00','Θεατρική Ομάδα ΗΜΜΥ');
/*!40000 ALTER TABLE `φοιτητικο_event` ENABLE KEYS */;
UNLOCK TABLES;

--
-- Final view structure for view `id_μαθηματων_και_ονοματα_βαθμολογημενων_φοιτητων`
--

/*!50001 DROP VIEW IF EXISTS `id_μαθηματων_και_ονοματα_βαθμολογημενων_φοιτητων`*/;
/*!50001 SET @saved_cs_client          = @@character_set_client */;
/*!50001 SET @saved_cs_results         = @@character_set_results */;
/*!50001 SET @saved_col_connection     = @@collation_connection */;
/*!50001 SET character_set_client      = utf8mb4 */;
/*!50001 SET character_set_results     = utf8mb4 */;
/*!50001 SET collation_connection      = utf8mb4_0900_ai_ci */;
/*!50001 CREATE ALGORITHM=UNDEFINED */
/*!50013 DEFINER=`root`@`localhost` SQL SECURITY DEFINER */
/*!50001 VIEW `id_μαθηματων_και_ονοματα_βαθμολογημενων_φοιτητων` AS select `φοιτητησ`.`ΟΝΟΜΑ` AS `ΟΝΟΜΑ_ΦΟΙΤΗΤΗ`,`φοιτητησ_βαθμολογειται_σε_μαθηματα`.`ID_ΜΑΘΗΜΑΤΟΣ` AS `ID_ΜΑΘΗΜΑΤΟΣ` from (`φοιτητησ` join `φοιτητησ_βαθμολογειται_σε_μαθηματα` on((`φοιτητησ`.`ID_ΦΟΙΤΗΤΗ` = `φοιτητησ_βαθμολογειται_σε_μαθηματα`.`ID_ΦΟΙΤΗΤΗ`))) */;
/*!50001 SET character_set_client      = @saved_cs_client */;
/*!50001 SET character_set_results     = @saved_cs_results */;
/*!50001 SET collation_connection      = @saved_col_connection */;

--
-- Final view structure for view `ονομα_σχολησ_λεσχη_σιτισησ`
--

/*!50001 DROP VIEW IF EXISTS `ονομα_σχολησ_λεσχη_σιτισησ`*/;
/*!50001 SET @saved_cs_client          = @@character_set_client */;
/*!50001 SET @saved_cs_results         = @@character_set_results */;
/*!50001 SET @saved_col_connection     = @@collation_connection */;
/*!50001 SET character_set_client      = utf8mb4 */;
/*!50001 SET character_set_results     = utf8mb4 */;
/*!50001 SET collation_connection      = utf8mb4_0900_ai_ci */;
/*!50001 CREATE ALGORITHM=UNDEFINED */
/*!50013 DEFINER=`root`@`localhost` SQL SECURITY DEFINER */
/*!50001 VIEW `ονομα_σχολησ_λεσχη_σιτισησ` AS select `σχολη`.`ΟΝΟΜΑ_ΣΧΟΛΗΣ` AS `ΟΝΟΜΑ_ΣΧΟΛΗΣ`,`σχολη`.`ΛΕΣΧΗ_ΣΙΤΙΣΗΣ` AS `ΛΕΣΧΗ_ΣΙΤΙΣΗΣ` from `σχολη` */;
/*!50001 SET character_set_client      = @saved_cs_client */;
/*!50001 SET character_set_results     = @saved_cs_results */;
/*!50001 SET collation_connection      = @saved_col_connection */;

--
-- Final view structure for view `ονομα_τοποθεσια_ημερομηνια_φοιτητικων_event`
--

/*!50001 DROP VIEW IF EXISTS `ονομα_τοποθεσια_ημερομηνια_φοιτητικων_event`*/;
/*!50001 SET @saved_cs_client          = @@character_set_client */;
/*!50001 SET @saved_cs_results         = @@character_set_results */;
/*!50001 SET @saved_col_connection     = @@collation_connection */;
/*!50001 SET character_set_client      = utf8mb4 */;
/*!50001 SET character_set_results     = utf8mb4 */;
/*!50001 SET collation_connection      = utf8mb4_0900_ai_ci */;
/*!50001 CREATE ALGORITHM=UNDEFINED */
/*!50013 DEFINER=`root`@`localhost` SQL SECURITY DEFINER */
/*!50001 VIEW `ονομα_τοποθεσια_ημερομηνια_φοιτητικων_event` AS select `φοιτητικο_event`.`ΟΝΟΜΑ_ΦΟΙΤΗΤΙΚΟΥ_EVENT` AS `ΟΝΟΜΑ_ΦΟΙΤΗΤΙΚΟΥ_EVENT`,`φοιτητικο_event`.`ΤΟΠΟΘΕΣΙΑ` AS `ΤΟΠΟΘΕΣΙΑ`,`φοιτητικο_event`.`ΗΜΕΡΟΜΗΝΙΑ` AS `ΗΜΕΡΟΜΗΝΙΑ` from `φοιτητικο_event` */;
/*!50001 SET character_set_client      = @saved_cs_client */;
/*!50001 SET character_set_results     = @saved_cs_results */;
/*!50001 SET collation_connection      = @saved_col_connection */;

--
-- Final view structure for view `ονοματα_αεμ_φοιτητων`
--

/*!50001 DROP VIEW IF EXISTS `ονοματα_αεμ_φοιτητων`*/;
/*!50001 SET @saved_cs_client          = @@character_set_client */;
/*!50001 SET @saved_cs_results         = @@character_set_results */;
/*!50001 SET @saved_col_connection     = @@collation_connection */;
/*!50001 SET character_set_client      = utf8mb4 */;
/*!50001 SET character_set_results     = utf8mb4 */;
/*!50001 SET collation_connection      = utf8mb4_0900_ai_ci */;
/*!50001 CREATE ALGORITHM=UNDEFINED */
/*!50013 DEFINER=`root`@`localhost` SQL SECURITY DEFINER */
/*!50001 VIEW `ονοματα_αεμ_φοιτητων` AS select `φοιτητησ`.`ΟΝΟΜΑ` AS `ΟΝΟΜΑ`,`φοιτητησ`.`ΑΕΜ` AS `ΑΕΜ` from `φοιτητησ` */;
/*!50001 SET character_set_client      = @saved_cs_client */;
/*!50001 SET character_set_results     = @saved_cs_results */;
/*!50001 SET collation_connection      = @saved_col_connection */;
/*!40103 SET TIME_ZONE=@OLD_TIME_ZONE */;

/*!40101 SET SQL_MODE=@OLD_SQL_MODE */;
/*!40014 SET FOREIGN_KEY_CHECKS=@OLD_FOREIGN_KEY_CHECKS */;
/*!40014 SET UNIQUE_CHECKS=@OLD_UNIQUE_CHECKS */;
/*!40101 SET CHARACTER_SET_CLIENT=@OLD_CHARACTER_SET_CLIENT */;
/*!40101 SET CHARACTER_SET_RESULTS=@OLD_CHARACTER_SET_RESULTS */;
/*!40101 SET COLLATION_CONNECTION=@OLD_COLLATION_CONNECTION */;
/*!40111 SET SQL_NOTES=@OLD_SQL_NOTES */;

-- Dump completed on 2023-12-22 16:55:37
